-- ===========================================
-- KOPERASI TWOSRA - DUMMY DATA (VERSI BESAR)
-- ===========================================
-- Jalankan file ini SETELAH schema.sql
-- Versi besar: jumlah produk & transaksi lebih banyak
-- Nominal harga dibuat lebih realistis untuk katalog demo dan histori transaksi.
-- ===========================================

-- ===========================================
-- 1. SEED PRODUCTS (50 produk)
-- ===========================================

INSERT INTO products (code, name, price, category, image_url, stock) VALUES
('P001', 'Pensil 2B Faber-Castell', 5900, 'Alat Tulis', 'https://images.pexels.com/photos/18889468/pexels-photo-18889468.jpeg', 80),
('P002', 'Pulpen Pilot G-2 Hitam', 25000, 'Alat Tulis', 'https://images.pexels.com/photos/13583359/pexels-photo-13583359.jpeg', 60),
('P003', 'Penghapus Seed Radar', 5000, 'Alat Tulis', 'https://images.pexels.com/photos/35202/eraser-office-supplies-office-office-accessories.jpg', 50),
('P004', 'Penggaris Besi 30cm', 12000, 'Alat Tulis', 'https://images.pexels.com/photos/6005026/pexels-photo-6005026.jpeg', 30),
('P005', 'Buku Tulis Sidu 58 Lbr', 5500, 'Alat Tulis', 'https://images.pexels.com/photos/3944424/pexels-photo-3944424.jpeg', 120),
('P006', 'Tipex Joyko Cair 20ml', 9500, 'Alat Tulis', 'https://images.pexels.com/photos/5554662/pexels-photo-5554662.jpeg', 35),
('P007', 'Pensil Mekanik 0.5mm', 9000, 'Alat Tulis', 'https://images.pexels.com/photos/9258251/pexels-photo-9258251.jpeg', 8),
('P008', 'Isi Pensil 0.5mm', 4000, 'Alat Tulis', 'https://images.pexels.com/photos/5264925/pexels-photo-5264925.jpeg', 70),
('P009', 'Stabilo Boss Mini', 12000, 'Alat Tulis', 'https://images.pexels.com/photos/7714764/pexels-photo-7714764.jpeg', 25),
('P010', 'Spidol Permanen Hitam', 7000, 'Alat Tulis', 'https://images.pexels.com/photos/6978153/pexels-photo-6978153.jpeg', 5),
('P011', 'Buku Gambar A4', 8000, 'Alat Tulis', 'https://images.pexels.com/photos/6978153/pexels-photo-6978153.jpeg', 60),
('P012', 'Lem Kertas UHU 20ml', 9000, 'Alat Tulis', 'https://images.pexels.com/photos/7468233/pexels-photo-7468233.jpeg', 55),
('P013', 'Rautan Pensil Dua Lubang', 5000, 'Alat Tulis', 'https://images.pexels.com/photos/7648020/pexels-photo-7648020.jpeg', 75),
('P014', 'Correction Tape 5mm', 11000, 'Alat Tulis', 'https://images.pexels.com/photos/7108127/pexels-photo-7108127.jpeg', 35),
('P015', 'Pensil Warna 12pcs', 18000, 'Alat Tulis', 'https://images.pexels.com/photos/7407296/pexels-photo-7407296.jpeg', 3),
('P016', 'Penggaris Plastik 30cm', 4000, 'Alat Tulis', 'https://images.pexels.com/photos/1417945/pexels-photo-1417945.jpeg', 90),
('P017', 'Pulpen Gel Biru', 7000, 'Alat Tulis', 'https://images.pexels.com/photos/7509699/pexels-photo-7509699.jpeg', 70),
('P018', 'Penghapus Putih Besar', 4000, 'Alat Tulis', 'https://images.pexels.com/photos/4218864/pexels-photo-4218864.jpeg', 65),
('P019', 'Buku Tulis 100 Lbr', 7000, 'Alat Tulis', 'https://images.pexels.com/photos/4482016/pexels-photo-4482016.jpeg', 55),
('P020', 'Map Plastik Kancing', 5000, 'Alat Tulis', 'https://images.pexels.com/photos/248993/pexels-photo-248993.jpeg', 50),
('S001', 'Topi Sekolah Hitam SMK', 22000, 'Seragam', 'https://images.pexels.com/photos/18889468/pexels-photo-18889468.jpeg', 40),
('S002', 'Dasi Sekolah Abu-abu', 15000, 'Seragam', 'https://images.pexels.com/photos/13583359/pexels-photo-13583359.jpeg', 30),
('S003', 'Ikat Pinggang Hitam Polos', 18000, 'Seragam', 'https://images.pexels.com/photos/35202/eraser-office-supplies-office-office-accessories.jpg', 50),
('S004', 'Kacu Pramuka Coklat', 12000, 'Seragam', 'https://images.pexels.com/photos/6005026/pexels-photo-6005026.jpeg', 60),
('S005', 'Tali Kur Pramuka Putih', 8000, 'Seragam', 'https://images.pexels.com/photos/3944424/pexels-photo-3944424.jpeg', 45),
('S006', 'Kaos Kaki Putih Sekolah', 10000, 'Seragam', 'https://images.pexels.com/photos/5554662/pexels-photo-5554662.jpeg', 70),
('S007', 'Baju Pramuka Atasan', 65000, 'Seragam', 'https://images.pexels.com/photos/9258251/pexels-photo-9258251.jpeg', 4),
('S008', 'Rok/Rok Celana Pramuka', 70000, 'Seragam', 'https://images.pexels.com/photos/5264925/pexels-photo-5264925.jpeg', 20),
('S009', 'Papan Nama Seragam', 12000, 'Seragam', 'https://images.pexels.com/photos/7714764/pexels-photo-7714764.jpeg', 35),
('S010', 'Topi Pramuka Coklat', 18000, 'Seragam', 'https://images.pexels.com/photos/6978153/pexels-photo-6978153.jpeg', 30),
('A001', 'Badge OSIS Bordir', 10000, 'Aksesoris', 'https://images.pexels.com/photos/6978153/pexels-photo-6978153.jpeg', 25),
('A002', 'Name Tag Akrilik', 12000, 'Aksesoris', 'https://images.pexels.com/photos/7468233/pexels-photo-7468233.jpeg', 20),
('A003', 'Lanyard ID Card Hitam', 7000, 'Aksesoris', 'https://images.pexels.com/photos/7648020/pexels-photo-7648020.jpeg', 30),
('A004', 'Gantungan Kunci Karet', 5000, 'Aksesoris', 'https://images.pexels.com/photos/7108127/pexels-photo-7108127.jpeg', 40),
('A005', 'Pin Sekolah', 6000, 'Aksesoris', 'https://images.pexels.com/photos/7407296/pexels-photo-7407296.jpeg', 35),
('A006', 'Dompet Siswa', 25000, 'Aksesoris', 'https://images.pexels.com/photos/1417945/pexels-photo-1417945.jpeg', 1),
('A007', 'Tempat ID Card', 7000, 'Aksesoris', 'https://images.pexels.com/photos/7509699/pexels-photo-7509699.jpeg', 50),
('A008', 'Stiker Logo Sekolah', 4000, 'Aksesoris', 'https://images.pexels.com/photos/4218864/pexels-photo-4218864.jpeg', 80),
('M001', 'Air Mineral Aqua 600ml', 4000, 'Makanan/Minuman', 'https://images.pexels.com/photos/4482016/pexels-photo-4482016.jpeg', 100),
('M002', 'Teh Pucuk Harum 350ml', 5000, 'Makanan/Minuman', 'https://images.pexels.com/photos/248993/pexels-photo-248993.jpeg', 80),
('M003', 'Roti Sobek Coklat', 8000, 'Makanan/Minuman', 'https://images.pexels.com/photos/18889468/pexels-photo-18889468.jpeg', 40),
('M004', 'Susu Kotak 200ml', 7000, 'Makanan/Minuman', 'https://images.pexels.com/photos/13583359/pexels-photo-13583359.jpeg', 55),
('M005', 'Mie Instan Cup', 9000, 'Makanan/Minuman', 'https://images.pexels.com/photos/35202/eraser-office-supplies-office-office-accessories.jpg', 6),
('M006', 'Biskuit Coklat', 9000, 'Makanan/Minuman', 'https://images.pexels.com/photos/6005026/pexels-photo-6005026.jpeg', 60),
('M007', 'Minuman Isotonik 500ml', 9000, 'Makanan/Minuman', 'https://images.pexels.com/photos/3944424/pexels-photo-3944424.jpeg', 35),
('M008', 'Permen Mint', 3000, 'Makanan/Minuman', 'https://images.pexels.com/photos/5554662/pexels-photo-5554662.jpeg', 0),
('L001', 'Sampul Buku Plastik Bening', 3000, 'Lainnya', 'https://images.pexels.com/photos/9258251/pexels-photo-9258251.jpeg', 60),
('L002', 'Spidol Whiteboard Snowman', 8000, 'Lainnya', 'https://images.pexels.com/photos/5264925/pexels-photo-5264925.jpeg', 25),
('L003', 'Stiker Label Nama A4', 5000, 'Lainnya', 'https://images.pexels.com/photos/7714764/pexels-photo-7714764.jpeg', 40),
('L004', 'Plastik Map Folio', 4000, 'Lainnya', 'https://images.pexels.com/photos/6978153/pexels-photo-6978153.jpeg', 55);

-- ===========================================
-- 2. SEED ORDERS (64 transaksi)
-- ===========================================

INSERT INTO orders (id, customer_name, customer_class, wa_number, pickup_time, total_amount, fee, payment_status, created_at) VALUES
('INVL0001', 'Ahmad Rizki', 'X TKJ', '6282281000000', 'Senin, 2 Februari 2026 - Istirahat Pertama (09.15)', 23000, 479, 'PAID', '2026-02-02T01:00:00Z'),
('INVL0002', 'Bella Safira', 'X TKR', '6282281000001', 'Senin, 2 Februari 2026 - Istirahat Kedua (11.45)', 60000, 768, 'PAID', '2026-02-02T08:13:17Z'),
('INVL0003', 'Candra Wisnu', 'X TITL', '6282281000002', 'Selasa, 3 Februari 2026 - Istirahat Pertama (09.15)', 134000, 1345, 'PAID', '2026-02-03T07:26:34Z'),
('INVL0004', 'Desi Ratnasari', 'X DPIB', '6282281000003', 'Rabu, 4 Februari 2026 - Istirahat Pertama (09.15)', 118000, 1220, 'PAID', '2026-02-04T06:39:51Z'),
('INVL0005', 'Eko Budianto', 'X TKP', '6282281000004', 'Kamis, 5 Februari 2026 - Istirahat Kedua (11.45)', 36000, 581, 'PAID', '2026-02-05T05:52:08Z'),
('INVL0006', 'Fitri Handayani', 'XI TKJ', '6282281000005', 'Jumat, 6 Februari 2026 - Istirahat Pertama (09.15)', 41800, 626, 'PAID', '2026-02-06T04:05:25Z'),
('INVL0007', 'Galih Pratama', 'XI TKR', '6282281000006', 'Senin, 9 Februari 2026 - Istirahat Pertama (09.15)', 50500, 694, 'PAID', '2026-02-09T03:18:42Z'),
('INVL0008', 'Hesti Kusuma', 'XI TITL', '6282281000007', 'Selasa, 10 Februari 2026 - Istirahat Kedua (11.45)', 82000, 940, 'PAID', '2026-02-10T02:31:59Z'),
('INVL0009', 'Irvan Maulana', 'XI DPIB', '6282281000008', 'Rabu, 11 Februari 2026 - Istirahat Pertama (09.15)', 87000, 979, 'PAID', '2026-02-11T01:44:16Z'),
('INVL0010', 'Jeni Permata', 'XI TKP', '6282281000009', 'Kamis, 12 Februari 2026 - Istirahat Pertama (09.15)', 97000, 1057, 'PAID', '2026-02-12T08:57:33Z'),
('INVL0011', 'Kevin Ramadhan', 'XII TKJ', '6282281000010', 'Jumat, 13 Februari 2026 - Istirahat Kedua (11.45)', 63000, 791, 'PAID', '2026-02-13T07:10:50Z'),
('INVL0012', 'Linda Setyawati', 'XII TKR', '6282281000011', 'Senin, 16 Februari 2026 - Istirahat Pertama (09.15)', 74000, 877, 'PAID', '2026-02-16T06:23:07Z'),
('INVL0013', 'Maulana Yusuf', 'XII TP', '6282281000012', 'Selasa, 17 Februari 2026 - Istirahat Pertama (09.15)', 39000, 604, 'PAID', '2026-02-17T05:36:24Z'),
('INVL0014', 'Nadia Puspita', 'XII TKP', '6282281000013', 'Rabu, 18 Februari 2026 - Istirahat Kedua (11.45)', 153000, 1493, 'PAID', '2026-02-18T04:49:41Z'),
('INVL0015', 'Oki Hermawan', 'X TKJ', '6282281000014', 'Kamis, 19 Februari 2026 - Istirahat Pertama (09.15)', 61000, 776, 'PAID', '2026-02-19T03:02:58Z'),
('INVL0016', 'Putri Ananda', 'X TKR', '6282281000015', 'Jumat, 20 Februari 2026 - Istirahat Pertama (09.15)', 82700, 945, 'PAID', '2026-02-20T02:15:15Z'),
('INVL0017', 'Rian Prakoso', 'X TITL', '6282281000016', 'Jumat, 20 Februari 2026 - Istirahat Kedua (11.45)', 29000, 526, 'PAID', '2026-02-20T01:28:32Z'),
('INVL0018', 'Siska Melati', 'X DPIB', '6282281000017', 'Senin, 23 Februari 2026 - Istirahat Pertama (09.15)', 37000, 589, 'PAID', '2026-02-23T08:41:49Z'),
('INVL0019', 'Taufik Hidayat', 'X TKP', '6282281000018', 'Selasa, 24 Februari 2026 - Istirahat Pertama (09.15)', 79000, 916, 'PAID', '2026-02-24T07:54:06Z'),
('INVL0020', 'Vina Kartika', 'XI TKJ', '6282281000019', 'Rabu, 25 Februari 2026 - Istirahat Kedua (11.45)', 231000, 2102, 'PAID', '2026-02-25T06:07:23Z'),
('INVL0021', 'Wahyu Saputra', 'XI TKR', '6282281000020', 'Kamis, 26 Februari 2026 - Istirahat Pertama (09.15)', 34000, 565, 'PAID', '2026-02-26T05:20:40Z'),
('INVL0022', 'Yani Setiawan', 'XI TITL', '6282281000021', 'Jumat, 27 Februari 2026 - Istirahat Pertama (09.15)', 61000, 776, 'PAID', '2026-02-27T04:33:57Z'),
('INVL0023', 'Zaki Ramadhan', 'XI DPIB', '6282281000022', 'Senin, 2 Maret 2026 - Istirahat Kedua (11.45)', 109000, 1150, 'PAID', '2026-03-02T03:46:14Z'),
('INVL0024', 'Amelia Putri', 'XI TKP', '6282281000023', 'Selasa, 3 Maret 2026 - Istirahat Pertama (09.15)', 245500, 2215, 'PAID', '2026-03-03T02:59:31Z'),
('INVL0025', 'Bagus Pranata', 'XII TKJ', '6282281000024', 'Rabu, 4 Maret 2026 - Istirahat Pertama (09.15)', 20000, 456, 'PAID', '2026-03-04T01:12:48Z'),
('INVL0026', 'Citra Lestari', 'XII TKR', '6282281000025', 'Kamis, 5 Maret 2026 - Istirahat Kedua (11.45)', 46900, 666, 'PAID', '2026-03-05T08:25:05Z'),
('INVL0027', 'Dimas Ardiansyah', 'XII TP', '6282281000026', 'Jumat, 6 Maret 2026 - Istirahat Pertama (09.15)', 60000, 768, 'PAID', '2026-03-06T07:38:22Z'),
('INVL0028', 'Evi Mariska', 'XII TKP', '6282281000027', 'Senin, 9 Maret 2026 - Istirahat Pertama (09.15)', 71000, 854, 'PAID', '2026-03-09T06:51:39Z'),
('INVL0029', 'Farhan Akmal', 'X TKJ', '6282281000028', 'Selasa, 10 Maret 2026 - Istirahat Kedua (11.45)', 86000, 971, 'PAID', '2026-03-10T05:04:56Z'),
('INVL0030', 'Gita Anggraini', 'X TKR', '6282281000029', 'Rabu, 11 Maret 2026 - Istirahat Pertama (09.15)', 82000, 940, 'PAID', '2026-03-11T04:17:13Z'),
('INVL0031', 'Hana Putri', 'X TITL', '6282281000030', 'Kamis, 12 Maret 2026 - Istirahat Pertama (09.15)', 60000, 768, 'PAID', '2026-03-12T03:30:30Z'),
('INVL0032', 'Indra Setiawan', 'X DPIB', '6282281000031', 'Jumat, 13 Maret 2026 - Istirahat Kedua (11.45)', 95000, 1041, 'PAID', '2026-03-13T02:43:47Z'),
('INVL0033', 'Joko Santoso', 'X TKP', '6282281000032', 'Jumat, 13 Maret 2026 - Istirahat Pertama (09.15)', 57000, 745, 'PAID', '2026-03-13T01:56:04Z'),
('INVL0034', 'Kirana Putri', 'XI TKJ', '6282281000033', 'Senin, 16 Maret 2026 - Istirahat Pertama (09.15)', 99000, 1072, 'PAID', '2026-03-16T08:09:21Z'),
('INVL0035', 'Lutfi Prasetyo', 'XI TKR', '6282281000034', 'Selasa, 17 Maret 2026 - Istirahat Kedua (11.45)', 49000, 682, 'PAID', '2026-03-17T07:22:38Z'),
('INVL0036', 'Maya Lestari', 'XI TITL', '6282281000035', 'Rabu, 18 Maret 2026 - Istirahat Pertama (09.15)', 71800, 860, 'PAID', '2026-03-18T06:35:55Z'),
('INVL0037', 'Nando Pratama', 'XI DPIB', '6282281000036', 'Kamis, 19 Maret 2026 - Istirahat Pertama (09.15)', 17000, 433, 'PAID', '2026-03-19T05:48:12Z'),
('INVL0038', 'Oktavia Putri', 'XI TKP', '6282281000037', 'Jumat, 20 Maret 2026 - Istirahat Kedua (11.45)', 50000, 690, 'PAID', '2026-03-20T04:01:29Z'),
('INVL0039', 'Putra Wijaya', 'XII TKJ', '6282281000038', 'Senin, 23 Maret 2026 - Istirahat Pertama (09.15)', 149000, 1462, 'PAID', '2026-03-23T03:14:46Z'),
('INVL0040', 'Queen Aulia', 'XII TKR', '6282281000039', 'Selasa, 24 Maret 2026 - Istirahat Pertama (09.15)', 179000, 1696, 'PAID', '2026-03-24T02:27:03Z'),
('INVL0041', 'Rafi Hidayat', 'XII TP', '6282281000040', 'Rabu, 25 Maret 2026 - Istirahat Kedua (11.45)', 39000, 604, 'PAID', '2026-03-25T01:40:20Z'),
('INVL0042', 'Salsa Nabila', 'XII TKP', '6282281000041', 'Kamis, 26 Maret 2026 - Istirahat Pertama (09.15)', 53000, 713, 'PAID', '2026-03-26T08:53:37Z'),
('INVL0043', 'Teguh Saputra', 'X TKJ', '6282281000042', 'Jumat, 27 Maret 2026 - Istirahat Pertama (09.15)', 123000, 1259, 'PAID', '2026-03-27T07:06:54Z'),
('INVL0044', 'Ulfa Ramadhani', 'X TKR', '6282281000043', 'Senin, 30 Maret 2026 - Istirahat Kedua (11.45)', 185500, 1747, 'PAID', '2026-03-30T06:19:11Z'),
('INVL0045', 'Vina Maharani', 'X TITL', '6282281000044', 'Selasa, 31 Maret 2026 - Istirahat Pertama (09.15)', 40000, 612, 'PAID', '2026-03-31T05:32:28Z'),
('INVL0046', 'Wahyu Kurniawan', 'X DPIB', '6282281000045', 'Rabu, 1 April 2026 - Istirahat Pertama (09.15)', 42700, 633, 'PAID', '2026-04-01T04:45:45Z'),
('INVL0047', 'Yoga Prasetyo', 'X TKP', '6282281000046', 'Kamis, 2 April 2026 - Istirahat Kedua (11.45)', 48500, 678, 'PAID', '2026-04-02T03:58:02Z'),
('INVL0048', 'Yuni Kartika', 'XI TKJ', '6282281000047', 'Jumat, 3 April 2026 - Istirahat Pertama (09.15)', 57000, 745, 'PAID', '2026-04-03T02:11:19Z'),
('INVL0049', 'Zidan Maulana', 'XI TKR', '6282281000048', 'Jumat, 3 April 2026 - Istirahat Pertama (09.15)', 49000, 682, 'PAID', '2026-04-03T01:24:36Z'),
('INVL0050', 'Arif Setiawan', 'XI TITL', '6282281000049', 'Senin, 6 April 2026 - Istirahat Kedua (11.45)', 73000, 869, 'PAID', '2026-04-06T08:37:53Z'),
('INVL0051', 'Bella Kartini', 'XI DPIB', '6282281000050', 'Selasa, 7 April 2026 - Istirahat Pertama (09.15)', 75000, 885, 'PAID', '2026-04-07T07:50:10Z'),
('INVL0052', 'Citra Ayuningtyas', 'XI TKP', '6282281000051', 'Rabu, 8 April 2026 - Istirahat Pertama (09.15)', 83000, 947, 'PAID', '2026-04-08T06:03:27Z'),
('INVL0053', 'Dian Puspitasari', 'XII TKJ', '6282281000052', 'Kamis, 9 April 2026 - Istirahat Kedua (11.45)', 66000, 815, 'PAID', '2026-04-09T05:16:44Z'),
('INVL0054', 'Elsa Nuraini', 'XII TKR', '6282281000053', 'Jumat, 10 April 2026 - Istirahat Pertama (09.15)', 216000, 1985, 'PAID', '2026-04-10T04:29:01Z'),
('INVL0055', 'Fahri Ramadhan', 'XII TP', '6282281000054', 'Senin, 13 April 2026 - Istirahat Pertama (09.15)', 34000, 565, 'PAID', '2026-04-13T03:42:18Z'),
('INVL0056', 'Farhan Akbar', 'XII TKP', '6282281000055', 'Selasa, 14 April 2026 - Istirahat Kedua (11.45)', 108900, 1149, 'PAID', '2026-04-14T02:55:35Z'),
('INVL0057', 'Gita Permata', 'X TKJ', '6282281000056', 'Rabu, 15 April 2026 - Istirahat Pertama (09.15)', 26000, 503, 'PAID', '2026-04-15T01:08:52Z'),
('INVL0058', 'Hana Aulia', 'X TKR', '6282281000057', 'Kamis, 16 April 2026 - Istirahat Pertama (09.15)', 51000, 698, 'PAID', '2026-04-16T08:21:09Z'),
('INVL0059', 'Intan Lestari', 'X TITL', '6282281000058', 'Jumat, 17 April 2026 - Istirahat Kedua (11.45)', 126000, 1283, 'PAID', '2026-04-17T07:34:26Z'),
('INVL0060', 'Iqbal Maulana', 'X DPIB', '6282281000059', 'Senin, 20 April 2026 - Istirahat Pertama (09.15)', 298000, 2624, 'PAID', '2026-04-20T06:47:43Z'),
('INVL0061', 'Jihan Safitri', 'X TKP', '6282281000060', 'Selasa, 21 April 2026 - Istirahat Pertama (09.15)', 23000, 479, 'PAID', '2026-04-21T05:00:00Z'),
('INVL0062', 'Karina Putri', 'XI TKJ', '6282281000061', 'Rabu, 22 April 2026 - Istirahat Kedua (11.45)', 60000, 768, 'PAID', '2026-04-22T04:13:17Z'),
('INVL0063', 'Lukman Hakim', 'XI TKR', '6282281000062', 'Kamis, 23 April 2026 - Istirahat Pertama (09.15)', 134000, 1345, 'PAID', '2026-04-23T03:26:34Z'),
('INVL0064', 'Mira Oktaviani', 'XI TITL', '6282281000063', 'Jumat, 24 April 2026 - Istirahat Pertama (09.15)', 118000, 1220, 'PAID', '2026-04-24T02:39:51Z');

-- ===========================================
-- 3. SEED ORDER_ITEMS (2-5 item per transaksi)
-- ===========================================

INSERT INTO order_items (order_id, product_name, product_code_snapshot, quantity, price_at_purchase) VALUES
('INVL0001', 'Lem Kertas UHU 20ml', 'P012', 1, 9000),
('INVL0001', 'Buku Tulis 100 Lbr', 'P019', 2, 7000),
('INVL0002', 'Pulpen Gel Biru', 'P017', 2, 7000),
('INVL0002', 'Kacu Pramuka Coklat', 'S004', 3, 12000),
('INVL0002', 'Badge OSIS Bordir', 'A001', 1, 10000),
('INVL0003', 'Dasi Sekolah Abu-abu', 'S002', 3, 15000),
('INVL0003', 'Papan Nama Seragam', 'S009', 1, 12000),
('INVL0003', 'Dompet Siswa', 'A006', 2, 25000),
('INVL0003', 'Mie Instan Cup', 'M005', 3, 9000),
('INVL0004', 'Baju Pramuka Atasan', 'S007', 1, 65000),
('INVL0004', 'Gantungan Kunci Karet', 'A004', 2, 5000),
('INVL0004', 'Roti Sobek Coklat', 'M003', 3, 8000),
('INVL0004', 'Spidol Whiteboard Snowman', 'L002', 1, 8000),
('INVL0004', 'Buku Tulis Sidu 58 Lbr', 'P005', 2, 5500),
('INVL0005', 'Name Tag Akrilik', 'A002', 2, 12000),
('INVL0005', 'Air Mineral Aqua 600ml', 'M001', 3, 4000),
('INVL0006', 'Tempat ID Card', 'A007', 3, 7000),
('INVL0006', 'Biskuit Coklat', 'M006', 1, 9000),
('INVL0006', 'Pensil 2B Faber-Castell', 'P001', 2, 5900),
('INVL0007', 'Susu Kotak 200ml', 'M004', 1, 7000),
('INVL0007', 'Stiker Label Nama A4', 'L003', 2, 5000),
('INVL0007', 'Tipex Joyko Cair 20ml', 'P006', 3, 9500),
('INVL0007', 'Rautan Pensil Dua Lubang', 'P013', 1, 5000),
('INVL0008', 'Sampul Buku Plastik Bening', 'L001', 2, 3000),
('INVL0008', 'Penggaris Besi 30cm', 'P004', 3, 12000),
('INVL0008', 'Buku Gambar A4', 'P011', 1, 8000),
('INVL0008', 'Penghapus Putih Besar', 'P018', 2, 4000),
('INVL0008', 'Tali Kur Pramuka Putih', 'S005', 3, 8000),
('INVL0009', 'Pulpen Pilot G-2 Hitam', 'P002', 3, 25000),
('INVL0009', 'Stabilo Boss Mini', 'P009', 1, 12000),
('INVL0010', 'Pensil Mekanik 0.5mm', 'P007', 1, 9000),
('INVL0010', 'Correction Tape 5mm', 'P014', 2, 11000),
('INVL0010', 'Topi Sekolah Hitam SMK', 'S001', 3, 22000),
('INVL0011', 'Lem Kertas UHU 20ml', 'P012', 2, 9000),
('INVL0011', 'Buku Tulis 100 Lbr', 'P019', 3, 7000),
('INVL0011', 'Kaos Kaki Putih Sekolah', 'S006', 1, 10000),
('INVL0011', 'Lanyard ID Card Hitam', 'A003', 2, 7000),
('INVL0012', 'Pulpen Gel Biru', 'P017', 3, 7000),
('INVL0012', 'Kacu Pramuka Coklat', 'S004', 1, 12000),
('INVL0012', 'Badge OSIS Bordir', 'A001', 2, 10000),
('INVL0012', 'Stiker Logo Sekolah', 'A008', 3, 4000),
('INVL0012', 'Minuman Isotonik 500ml', 'M007', 1, 9000),
('INVL0013', 'Dasi Sekolah Abu-abu', 'S002', 1, 15000),
('INVL0013', 'Papan Nama Seragam', 'S009', 2, 12000),
('INVL0014', 'Baju Pramuka Atasan', 'S007', 2, 65000),
('INVL0014', 'Gantungan Kunci Karet', 'A004', 3, 5000),
('INVL0014', 'Roti Sobek Coklat', 'M003', 1, 8000),
('INVL0015', 'Name Tag Akrilik', 'A002', 3, 12000),
('INVL0015', 'Air Mineral Aqua 600ml', 'M001', 1, 4000),
('INVL0015', 'Permen Mint', 'M008', 2, 3000),
('INVL0015', 'Penghapus Seed Radar', 'P003', 3, 5000),
('INVL0016', 'Tempat ID Card', 'A007', 1, 7000),
('INVL0016', 'Biskuit Coklat', 'M006', 2, 9000),
('INVL0016', 'Pensil 2B Faber-Castell', 'P001', 3, 5900),
('INVL0016', 'Isi Pensil 0.5mm', 'P008', 1, 4000),
('INVL0016', 'Pensil Warna 12pcs', 'P015', 2, 18000),
('INVL0017', 'Susu Kotak 200ml', 'M004', 2, 7000),
('INVL0017', 'Stiker Label Nama A4', 'L003', 3, 5000),
('INVL0018', 'Sampul Buku Plastik Bening', 'L001', 3, 3000),
('INVL0018', 'Penggaris Besi 30cm', 'P004', 1, 12000),
('INVL0018', 'Buku Gambar A4', 'P011', 2, 8000),
('INVL0019', 'Pulpen Pilot G-2 Hitam', 'P002', 1, 25000),
('INVL0019', 'Stabilo Boss Mini', 'P009', 2, 12000),
('INVL0019', 'Penggaris Plastik 30cm', 'P016', 3, 4000),
('INVL0019', 'Ikat Pinggang Hitam Polos', 'S003', 1, 18000),
('INVL0020', 'Pensil Mekanik 0.5mm', 'P007', 2, 9000),
('INVL0020', 'Correction Tape 5mm', 'P014', 3, 11000),
('INVL0020', 'Topi Sekolah Hitam SMK', 'S001', 1, 22000),
('INVL0020', 'Rok/Rok Celana Pramuka', 'S008', 2, 70000),
('INVL0020', 'Pin Sekolah', 'A005', 3, 6000),
('INVL0021', 'Lem Kertas UHU 20ml', 'P012', 3, 9000),
('INVL0021', 'Buku Tulis 100 Lbr', 'P019', 1, 7000),
('INVL0022', 'Pulpen Gel Biru', 'P017', 1, 7000),
('INVL0022', 'Kacu Pramuka Coklat', 'S004', 2, 12000),
('INVL0022', 'Badge OSIS Bordir', 'A001', 3, 10000),
('INVL0023', 'Dasi Sekolah Abu-abu', 'S002', 2, 15000),
('INVL0023', 'Papan Nama Seragam', 'S009', 3, 12000),
('INVL0023', 'Dompet Siswa', 'A006', 1, 25000),
('INVL0023', 'Mie Instan Cup', 'M005', 2, 9000),
('INVL0024', 'Baju Pramuka Atasan', 'S007', 3, 65000),
('INVL0024', 'Gantungan Kunci Karet', 'A004', 1, 5000),
('INVL0024', 'Roti Sobek Coklat', 'M003', 2, 8000),
('INVL0024', 'Spidol Whiteboard Snowman', 'L002', 3, 8000),
('INVL0024', 'Buku Tulis Sidu 58 Lbr', 'P005', 1, 5500),
('INVL0025', 'Name Tag Akrilik', 'A002', 1, 12000),
('INVL0025', 'Air Mineral Aqua 600ml', 'M001', 2, 4000),
('INVL0026', 'Tempat ID Card', 'A007', 2, 7000),
('INVL0026', 'Biskuit Coklat', 'M006', 3, 9000),
('INVL0026', 'Pensil 2B Faber-Castell', 'P001', 1, 5900),
('INVL0027', 'Susu Kotak 200ml', 'M004', 3, 7000),
('INVL0027', 'Stiker Label Nama A4', 'L003', 1, 5000),
('INVL0027', 'Tipex Joyko Cair 20ml', 'P006', 2, 9500),
('INVL0027', 'Rautan Pensil Dua Lubang', 'P013', 3, 5000),
('INVL0028', 'Sampul Buku Plastik Bening', 'L001', 1, 3000),
('INVL0028', 'Penggaris Besi 30cm', 'P004', 2, 12000),
('INVL0028', 'Buku Gambar A4', 'P011', 3, 8000),
('INVL0028', 'Penghapus Putih Besar', 'P018', 1, 4000),
('INVL0028', 'Tali Kur Pramuka Putih', 'S005', 2, 8000),
('INVL0029', 'Pulpen Pilot G-2 Hitam', 'P002', 2, 25000),
('INVL0029', 'Stabilo Boss Mini', 'P009', 3, 12000),
('INVL0030', 'Pensil Mekanik 0.5mm', 'P007', 3, 9000),
('INVL0030', 'Correction Tape 5mm', 'P014', 1, 11000),
('INVL0030', 'Topi Sekolah Hitam SMK', 'S001', 2, 22000),
('INVL0031', 'Lem Kertas UHU 20ml', 'P012', 1, 9000),
('INVL0031', 'Buku Tulis 100 Lbr', 'P019', 2, 7000),
('INVL0031', 'Kaos Kaki Putih Sekolah', 'S006', 3, 10000),
('INVL0031', 'Lanyard ID Card Hitam', 'A003', 1, 7000),
('INVL0032', 'Pulpen Gel Biru', 'P017', 2, 7000),
('INVL0032', 'Kacu Pramuka Coklat', 'S004', 3, 12000),
('INVL0032', 'Badge OSIS Bordir', 'A001', 1, 10000),
('INVL0032', 'Stiker Logo Sekolah', 'A008', 2, 4000),
('INVL0032', 'Minuman Isotonik 500ml', 'M007', 3, 9000),
('INVL0033', 'Dasi Sekolah Abu-abu', 'S002', 3, 15000),
('INVL0033', 'Papan Nama Seragam', 'S009', 1, 12000),
('INVL0034', 'Baju Pramuka Atasan', 'S007', 1, 65000),
('INVL0034', 'Gantungan Kunci Karet', 'A004', 2, 5000),
('INVL0034', 'Roti Sobek Coklat', 'M003', 3, 8000),
('INVL0035', 'Name Tag Akrilik', 'A002', 2, 12000),
('INVL0035', 'Air Mineral Aqua 600ml', 'M001', 3, 4000),
('INVL0035', 'Permen Mint', 'M008', 1, 3000),
('INVL0035', 'Penghapus Seed Radar', 'P003', 2, 5000),
('INVL0036', 'Tempat ID Card', 'A007', 3, 7000),
('INVL0036', 'Biskuit Coklat', 'M006', 1, 9000),
('INVL0036', 'Pensil 2B Faber-Castell', 'P001', 2, 5900),
('INVL0036', 'Isi Pensil 0.5mm', 'P008', 3, 4000),
('INVL0036', 'Pensil Warna 12pcs', 'P015', 1, 18000),
('INVL0037', 'Susu Kotak 200ml', 'M004', 1, 7000),
('INVL0037', 'Stiker Label Nama A4', 'L003', 2, 5000),
('INVL0038', 'Sampul Buku Plastik Bening', 'L001', 2, 3000),
('INVL0038', 'Penggaris Besi 30cm', 'P004', 3, 12000),
('INVL0038', 'Buku Gambar A4', 'P011', 1, 8000),
('INVL0039', 'Pulpen Pilot G-2 Hitam', 'P002', 3, 25000),
('INVL0039', 'Stabilo Boss Mini', 'P009', 1, 12000),
('INVL0039', 'Penggaris Plastik 30cm', 'P016', 2, 4000),
('INVL0039', 'Ikat Pinggang Hitam Polos', 'S003', 3, 18000),
('INVL0040', 'Pensil Mekanik 0.5mm', 'P007', 1, 9000),
('INVL0040', 'Correction Tape 5mm', 'P014', 2, 11000),
('INVL0040', 'Topi Sekolah Hitam SMK', 'S001', 3, 22000),
('INVL0040', 'Rok/Rok Celana Pramuka', 'S008', 1, 70000),
('INVL0040', 'Pin Sekolah', 'A005', 2, 6000),
('INVL0041', 'Lem Kertas UHU 20ml', 'P012', 2, 9000),
('INVL0041', 'Buku Tulis 100 Lbr', 'P019', 3, 7000),
('INVL0042', 'Pulpen Gel Biru', 'P017', 3, 7000),
('INVL0042', 'Kacu Pramuka Coklat', 'S004', 1, 12000),
('INVL0042', 'Badge OSIS Bordir', 'A001', 2, 10000),
('INVL0043', 'Dasi Sekolah Abu-abu', 'S002', 1, 15000),
('INVL0043', 'Papan Nama Seragam', 'S009', 2, 12000),
('INVL0043', 'Dompet Siswa', 'A006', 3, 25000),
('INVL0043', 'Mie Instan Cup', 'M005', 1, 9000),
('INVL0044', 'Baju Pramuka Atasan', 'S007', 2, 65000),
('INVL0044', 'Gantungan Kunci Karet', 'A004', 3, 5000),
('INVL0044', 'Roti Sobek Coklat', 'M003', 1, 8000),
('INVL0044', 'Spidol Whiteboard Snowman', 'L002', 2, 8000),
('INVL0044', 'Buku Tulis Sidu 58 Lbr', 'P005', 3, 5500),
('INVL0045', 'Name Tag Akrilik', 'A002', 3, 12000),
('INVL0045', 'Air Mineral Aqua 600ml', 'M001', 1, 4000),
('INVL0046', 'Tempat ID Card', 'A007', 1, 7000),
('INVL0046', 'Biskuit Coklat', 'M006', 2, 9000),
('INVL0046', 'Pensil 2B Faber-Castell', 'P001', 3, 5900),
('INVL0047', 'Susu Kotak 200ml', 'M004', 2, 7000),
('INVL0047', 'Stiker Label Nama A4', 'L003', 3, 5000),
('INVL0047', 'Tipex Joyko Cair 20ml', 'P006', 1, 9500),
('INVL0047', 'Rautan Pensil Dua Lubang', 'P013', 2, 5000),
('INVL0048', 'Sampul Buku Plastik Bening', 'L001', 3, 3000),
('INVL0048', 'Penggaris Besi 30cm', 'P004', 1, 12000),
('INVL0048', 'Buku Gambar A4', 'P011', 2, 8000),
('INVL0048', 'Penghapus Putih Besar', 'P018', 3, 4000),
('INVL0048', 'Tali Kur Pramuka Putih', 'S005', 1, 8000),
('INVL0049', 'Pulpen Pilot G-2 Hitam', 'P002', 1, 25000),
('INVL0049', 'Stabilo Boss Mini', 'P009', 2, 12000),
('INVL0050', 'Pensil Mekanik 0.5mm', 'P007', 2, 9000),
('INVL0050', 'Correction Tape 5mm', 'P014', 3, 11000),
('INVL0050', 'Topi Sekolah Hitam SMK', 'S001', 1, 22000),
('INVL0051', 'Lem Kertas UHU 20ml', 'P012', 3, 9000),
('INVL0051', 'Buku Tulis 100 Lbr', 'P019', 1, 7000),
('INVL0051', 'Kaos Kaki Putih Sekolah', 'S006', 2, 10000),
('INVL0051', 'Lanyard ID Card Hitam', 'A003', 3, 7000),
('INVL0052', 'Pulpen Gel Biru', 'P017', 1, 7000),
('INVL0052', 'Kacu Pramuka Coklat', 'S004', 2, 12000),
('INVL0052', 'Badge OSIS Bordir', 'A001', 3, 10000),
('INVL0052', 'Stiker Logo Sekolah', 'A008', 1, 4000),
('INVL0052', 'Minuman Isotonik 500ml', 'M007', 2, 9000),
('INVL0053', 'Dasi Sekolah Abu-abu', 'S002', 2, 15000),
('INVL0053', 'Papan Nama Seragam', 'S009', 3, 12000),
('INVL0054', 'Baju Pramuka Atasan', 'S007', 3, 65000),
('INVL0054', 'Gantungan Kunci Karet', 'A004', 1, 5000),
('INVL0054', 'Roti Sobek Coklat', 'M003', 2, 8000),
('INVL0055', 'Name Tag Akrilik', 'A002', 1, 12000),
('INVL0055', 'Air Mineral Aqua 600ml', 'M001', 2, 4000),
('INVL0055', 'Permen Mint', 'M008', 3, 3000),
('INVL0055', 'Penghapus Seed Radar', 'P003', 1, 5000),
('INVL0056', 'Tempat ID Card', 'A007', 2, 7000),
('INVL0056', 'Biskuit Coklat', 'M006', 3, 9000),
('INVL0056', 'Pensil 2B Faber-Castell', 'P001', 1, 5900),
('INVL0056', 'Isi Pensil 0.5mm', 'P008', 2, 4000),
('INVL0056', 'Pensil Warna 12pcs', 'P015', 3, 18000),
('INVL0057', 'Susu Kotak 200ml', 'M004', 3, 7000),
('INVL0057', 'Stiker Label Nama A4', 'L003', 1, 5000),
('INVL0058', 'Sampul Buku Plastik Bening', 'L001', 1, 3000),
('INVL0058', 'Penggaris Besi 30cm', 'P004', 2, 12000),
('INVL0058', 'Buku Gambar A4', 'P011', 3, 8000),
('INVL0059', 'Pulpen Pilot G-2 Hitam', 'P002', 2, 25000),
('INVL0059', 'Stabilo Boss Mini', 'P009', 3, 12000),
('INVL0059', 'Penggaris Plastik 30cm', 'P016', 1, 4000),
('INVL0059', 'Ikat Pinggang Hitam Polos', 'S003', 2, 18000),
('INVL0060', 'Pensil Mekanik 0.5mm', 'P007', 3, 9000),
('INVL0060', 'Correction Tape 5mm', 'P014', 1, 11000),
('INVL0060', 'Topi Sekolah Hitam SMK', 'S001', 2, 22000),
('INVL0060', 'Rok/Rok Celana Pramuka', 'S008', 3, 70000),
('INVL0060', 'Pin Sekolah', 'A005', 1, 6000),
('INVL0061', 'Lem Kertas UHU 20ml', 'P012', 1, 9000),
('INVL0061', 'Buku Tulis 100 Lbr', 'P019', 2, 7000),
('INVL0062', 'Pulpen Gel Biru', 'P017', 2, 7000),
('INVL0062', 'Kacu Pramuka Coklat', 'S004', 3, 12000),
('INVL0062', 'Badge OSIS Bordir', 'A001', 1, 10000),
('INVL0063', 'Dasi Sekolah Abu-abu', 'S002', 3, 15000),
('INVL0063', 'Papan Nama Seragam', 'S009', 1, 12000),
('INVL0063', 'Dompet Siswa', 'A006', 2, 25000),
('INVL0063', 'Mie Instan Cup', 'M005', 3, 9000),
('INVL0064', 'Baju Pramuka Atasan', 'S007', 1, 65000),
('INVL0064', 'Gantungan Kunci Karet', 'A004', 2, 5000),
('INVL0064', 'Roti Sobek Coklat', 'M003', 3, 8000),
('INVL0064', 'Spidol Whiteboard Snowman', 'L002', 1, 8000),
('INVL0064', 'Buku Tulis Sidu 58 Lbr', 'P005', 2, 5500);

-- ===========================================
-- 4. BACKFILL TOKEN VERIFIKASI PUBLIK
-- ===========================================

UPDATE orders
SET verification_token = lower(hex(randomblob(24)))
WHERE verification_token IS NULL;

-- ===========================================
-- RINGKASAN DATA DUMMY
-- ===========================================
-- Total Products   : 50
-- Total Orders     : 64
-- Rentang Tanggal  : 1 Februari - 25 April 2026
-- Hari Operasi     : Senin - Jumat
-- Nominal Harga    : kisaran eceran realistis untuk katalog dan histori demo
-- Cocok untuk      : stress test UI admin + ringkasan statistik + simulasi stok kritis
